"cc_num","customer","lifetime_total_spend"
"60416207185","Mary Diaz","90173.30"
"60422928733","Jeffrey Powers","76845.50"
"60423098130","Jason Gray","24903.84"
"60427851591","Bradley Martinez","41467.28"
"60487002085","David White","32680.66"
"60490596305","Karen Johnson","57957.46"
"60495593109","Randall Dillon","23602.46"
"501802953619","Robert Flores","71202.08"
"501828204849","Sandra Davies","24365.52"
"501831082224","Corey Jones","44128.10"
"501882822387","Melissa Phillips","28809.58"
"501899453424","Jessica Dominguez","93993.68"
"502012776709","Sherry Martinez","114409.66"
"502038091380","Kurt Peters","122440.86"
"502049568400","Daniel Melton","50084.92"
"503848303379","Gregory Wallace","73076.00"
"503874407318","Andrew Mcgee","127243.00"
"560881134780","Audrey Martinez","25432.68"
"561942763351","Melissa Brown","105844.70"
"565399283797","Anthony Allen","39894.98"
"567868110212","Dawn Tucker","182049.76"
"568279015842","Micheal Hernandez","72278.88"
"570273151375","Peter Edwards","25909.96"
"571314334723","Lori Mclean","26489.78"
"571365235126","Barbara Taylor","135733.68"
"571465035400","Louis Fisher","170272.06"
"571844099986","Susan Mills","82730.50"
"573283817795","Amy Flynn","27818.50"
"573860193545","Cristian Jones","100005.44"
"577588686219","James Strickland","97553.14"
"580954173374","Jessica Benitez","62039.00"
"581293083266","William Thomas","112203.10"
"581508178315","Michael Vargas","42815.02"
"581686439828","Larry House","139943.72"
"583699482621","Jennifer Jones","107057.72"
"584673555952","Jessica Jordan","112845.28"
"630412733309","Heather Stanton","23382.50"
"630423337322","Stephanie Gill","157367.96"
"630424987505","Jennifer Black","152759.28"
"630425673344","Bryan Miller","85243.12"
"630441765090","Susan Washington","103587.02"
"630451534402","Rachel Daniels","150529.82"
"630469040731","Meredith Ayala","99923.58"
"630471368021","George Floyd","36047.68"
"630484879808","Ian Patton","176410.98"
"639023984367","Destiny Lowe","138020.70"
"639030014711","Stephen Lopez","76605.42"
"639046421587","Dylan Bonilla","87170.50"
"639077309909","Justin Carter","24349.28"
"639095706599","Kyle Wilkinson","22205.68"
"675909898057","Christopher Henry","57042.94"
"675945690716","Ellen Smith","66237.06"
"675961917837","Christopher Cummings","17839.08"
"675990301623","Amanda Spencer","94784.84"
"676102124465","Natasha Mclaughlin","178388.18"
"676118385837","Katelyn Wise","48132.74"
"676148621961","Jennifer Vega","50523.62"
"676173792455","Brittany Cox","72535.16"
"676195318214","Brandy Quinn","96735.44"
"676234256292","David Vasquez","43598.20"
"676245600876","Ashley Blanchard","57289.04"
"676248282243","Amanda Wheeler","59396.80"
"676275912597","Edward Hensley","40406.38"
"676281772837","Alicia Bishop","82441.92"
"676292294938","Lisa Fitzpatrick","25065.34"
"676298633337","Jessica Werner","73453.96"
"676308307625","Donald Evans","25505.06"
"676309913934","Robert Martinez","47839.36"
"676314217768","Ellen Carrillo","38460.00"
"676326610042","Jacqueline Caldwell","40473.90"
"676369110710","David Wolfe","102127.10"
"676372984911","Vicki Mendoza","137979.98"
"4006047418382","Robert Sanchez","54984.60"
"4026222041577","Debbie Payne","28044.28"
"4066595222529","Jamie Olson","85171.14"
"4079773899158","Eric Preston","102656.54"
"4103158249977","Christopher Adkins","42366.62"
"4149635823017","Samuel Farrell","92393.40"
"4158008602445","Alicia Miller","26220.50"
"4169388510116","Marcia Molina","72846.26"
"4186530744674","Casey Howell","81863.70"
"4189814094741","Jason Farmer","26708.18"
"4195740185974","Benjamin Robinson","53532.44"
"4198470814557","Christie Williamson","108338.70"
"4220345354880","Patrick Torres","81936.80"
"4239436242473","James Leon","48897.04"
"4247921790666","Judith Moss","80048.42"
"4259996134423","Julie Johnson","59575.98"
"4260128500325","Whitney Gallagher","108081.54"
"4279161831637","Lisa Hendrix","53540.34"
"4294930380592","Misty Rivera","95474.44"
"4306630852918","Maureen Garza","67490.34"
"4383521454815","John Robertson","43785.82"
"4393520897625","Charles Rodriguez","91156.38"
"4396682467723","Scott Cole","25565.14"
"4427805710168","Michelle Rodriguez","60503.76"
"4440581794652","Karen Cooper","30851.50"
"4464457352619","Breanna Rodriguez","110571.06"
"4471568287204","Dakota Maldonado","51853.90"
"4476840372112","Steven Walters","79675.04"
"4481131401752","Frank Foster","49578.94"
"4500002361389","Joseph Nixon","115724.82"
"4505383113689","Alicia Hawkins","52761.70"
"4538566639857","Jerry Kelly","81809.22"
"4561546772499","Daniel Briggs","114339.06"
"4561892980175","Jacqueline Allen","56556.94"
"4562827002127","Christopher Johnson","47275.10"
"4585132874641","Karen Gordon","66142.40"
"4586260469584","Melody Thompson","105891.16"
"4600155880464","Charles Copeland","26856.24"
"4601636330889","Mark Rivera","60812.26"
"4605902936394","Vincent Mueller","51205.64"
"4613314721966","Jason Murphy","121721.10"
"4623560839669","Vincent Waller","97448.86"
"4640395708703","Melissa Krause","107185.68"
"4642894980163","Eddie Mendez","102068.20"
"4658117080136","Dwayne Martinez","52323.74"
"4681699462969","Joseph Gonzalez","116597.04"
"4683638447911","Daniel Boyd","161333.64"
"4687263141103","Sarah Cross","21924.40"
"4745996322265","Carrie Washington","204115.84"
"4755696071492","Robert Evans","137134.64"
"4760122961662","Robert Jordan","26059.24"
"4783226709001","Jessica Garcia","72602.18"
"4788103653396","Kristin Williams","66538.16"
"4806443445305","Eric Patel","29505.84"
"4807552641361","Kimberly Castro","24707.66"
"4809701904914","Sabrina Nolan","161313.52"
"4862293128558","Elizabeth Payne","92367.74"
"4900628639996","Michael Johnson","140781.74"
"4917226033950","Adam Keller","25192.82"
"4957924165498","Alan Parsons","61498.36"
"4981132848794","Joseph Spencer","82678.32"
"4988304376504","William Thompson","105718.08"
"4990494243023","Martin Ford","94313.32"
"30011465039817","Lisa Garcia","34873.60"
"30026790933302","John Peters","162034.36"
"30029052116970","Curtis Young","83085.64"
"30030380240193","William Jenkins","171539.38"
"30033162392091","Kevin Summers","77875.54"
"30042378430132","Connor Grant","26334.64"
"30044330818990","Allison Ayala","182377.26"
"30074693890476","Kelsey Richards","147364.70"
"30082025922891","Kathleen Thompson","93481.08"
"30092964733035","Jessica Terry","73368.22"
"30103132002433","Stephanie Middleton","77915.84"
"30118423745458","Jared Velazquez","102731.56"
"30131826429364","Brianna Foley","181745.56"
"30135235368675","Amanda Williams","110154.86"
"30143535920989","Lisa Collins","117299.52"
"30143713661454","Nicholas Thornton","57268.74"
"30150717898388","Raymond Lloyd","78936.28"
"30153452207526","Robin Smith","78715.20"
"30175986190993","Rebecca Butler","110636.88"
"30181367542315","Danielle Walker","23246.30"
"30197398657930","April Johnson","136732.38"
"30199621383748","Theresa Powell","183305.08"
"30230540139182","Hayden Sanders","119844.34"
"30234966027947","Matthew Lambert","126993.96"
"30235268718158","Kenneth Doyle","91190.92"
"30235438713303","James Baldwin","123602.16"
"30238755902988","Danielle Yu","130794.74"
"30242921189660","Dalton Jones","55673.16"
"30248898834493","Michael Rodriguez","50688.10"
"30263540414123","Erik Patterson","79363.42"
"30266994494236","Sarah Foster","89510.52"
"30270432095985","Lisa Lin","158197.26"
"30273037698427","Andrew Patterson","207672.44"
"30290551782700","John Clarke","81344.90"
"30328384440870","Helen Campbell","79956.96"
"30343344410970","Jacob Dawson","83831.70"
"30344654314976","Christine Johnson","50539.62"
"30357372465631","John Nichols","25750.90"
"30360260465747","Jennifer Garcia","23179.06"
"30364087349027","Samuel Sandoval","79387.10"
"30371006069917","Robert James","55774.30"
"30373802285317","Nicholas Osborne","26986.86"
"30376238035123","Cynthia Davis","56507.74"
"30404291151692","Savannah Lewis","68310.80"
"30407675418785","Danielle Evans","95972.32"
"30408301059761","Brandon Pittman","18282.88"
"30427035050508","John Chandler","53307.64"
"30428204673351","Greg Villarreal","164831.62"
"30434173205605","Kylie Kirby","23079.10"
"30442439074871","Linda Sanchez","117636.12"
"30446018552504","Felicia Thomas","19022.00"
"30487648872433","Stephanie Crane","50832.22"
"30491348102802","Tommy Dixon","37909.98"
"30501624614310","Amanda Smith","92416.60"
"30510856607165","Frederick Robinson","24629.60"
"30518196150127","Karen Sullivan","28034.52"
"30518206766474","Tamara Martinez","67042.50"
"30541100351706","Derrick George","29735.38"
"30546453310167","Nicholas Tran","65232.44"
"30551643947183","Morgan Smith","191975.36"
"30560609640617","Michael Olson","76370.84"
"30561214688470","Gina Morrison","74141.48"
"30570197515105","Vincent Cain","28805.08"
"30596478689301","Daniel Graham","23933.50"
"36078114201167","Christopher Horn","115676.08"
"36153880429415","Erik Stevens","58942.44"
"36192615525683","Susan Garcia","38924.00"
"36360452125889","Christopher Raymond","28922.98"
"36485887555770","Michael Gross","132242.16"
"36581538659449","Brandon Bridges","24523.70"
"36721445180895","Cesar Smith","77787.12"
"36722699017270","Jessica Perez","204006.80"
"36890292963032","Kimberly Webb","25494.22"
"36913587729122","Ana Mccormick","207836.50"
"38014427445058","Sonya Jensen","25025.86"
"38052002992326","Anna Logan","98905.32"
"38057513087029","Marissa Clark","59081.58"
"38199021865320","Jesse Roberts","160766.78"
"38295635583927","Candice Brown","96850.46"
"38530489946071","Laura Johns","100340.58"
"38544312728630","Veronica Burton","34772.16"
"38580485618059","Teresa Clark","108812.22"
"38588538868506","Jacqueline Curry","96334.40"
"38797410705641","Andrew Tucker","124822.10"
"38859492057661","Edward Sanchez","29147.14"
"38947654498698","Lori Rodriguez","72574.58"
"180011453250192","Craig Dunn","161634.64"
"180014262259255","Brianna Page","55602.64"
"180017442990269","Michelle Anderson","51715.08"
"180018375329178","Michelle Woods","116527.94"
"180031190491743","Becky Mckinney","188338.96"
"180036456789979","Mackenzie Salazar","114194.40"
"180040027502291","Mary Schmidt","29115.46"
"180042946491150","Charles Robles","97774.50"
"180046165512893","Erica Walker","50161.16"
"180046617132290","Erika Mason","61760.32"
"180046765320457","Jared Camacho","73323.08"
"180047222886866","Christine Shaffer","25639.44"
"180048185037117","Mary Wall","217303.42"
"180049032966888","Michael Flores","157931.28"
"180056173248083","Larry Warner","53791.34"
"180058696935600","Richard Barnes","34443.72"
"180064817343047","Patricia Gonzalez","99250.32"
"180065479077096","Krystal Gamble","75209.32"
"180067151859700","Karen Ryan","110624.00"
"180067784565096","Mary Juarez","99463.66"
"180068353086472","Melissa Flores","40343.28"
"180069253480336","William Hunter","68447.14"
"180072527505094","Cody Miller","77617.58"
"180081032825079","Connie Carroll","43326.00"
"180084576295055","David Kirby","81226.18"
"180084695172649","Holly Mann","44104.24"
"180094419304907","Sharon Smith","235888.20"
"180094608895855","Tammie Harper","27915.72"
"213102873001603","Joanne Padilla","75413.56"
"213107169859697","Megan Fernandez","40563.44"
"213112402583773","Ana Howell","137265.98"
"213113028819344","Melanie Jimenez","63581.18"
"213113338379864","Larry Vaughan","27354.72"
"213114122496591","Jeremy Perry","55514.06"
"213120463918358","Willie Jordan","52464.18"
"213124978348176","Steven Arnold","79211.68"
"213125815021702","Adam Kirk","75674.22"
"213126662687660","Christopher Luna","77804.64"
"213136802746375","Christine Davis","32585.96"
"213141712584544","Margaret Curtis","223822.50"
"213148039875802","Jill Jacobs","117505.74"
"213153151785052","Rebecca Conley","58283.62"
"213154573301411","Christopher Sheppard","76467.42"
"213155997615567","James Yoder","81328.20"
"213156747557083","Adam Santos","138019.22"
"213157767990030","Tara Campbell","198593.10"
"213161231269724","Alyssa Morgan","74900.62"
"213161293389774","Catherine Weber","93693.46"
"213161869125933","Monica Lane","76785.06"
"213163860545705","Mark Tyler","80288.30"
"213173753804333","Joseph Wagner","79125.98"
"213174467670432","James Bishop","81059.70"
"213175487106448","Diane Jackson","82052.82"
"213178765398315","Alan Colon","118010.70"
"213178850083780","Shawn King","116734.98"
"213180742685905","Kayla Sutton","100313.14"
"213186334552049","Andrea Perkins","45814.48"
"213186551511454","Cody Dean","26352.62"
"213186880359195","Craig Franco","38264.18"
"213191402330021","Thomas Sullivan","58345.54"
"213193596103206","James Hunt","154415.26"
"213195754007681","Zachary Allen","79794.38"
"213198837352314","John Vega","45640.76"
"213199865312311","Christopher Miller","77616.18"
"340103199302564","Sophia Dickson","53575.62"
"340951438290556","Maria Garcia","123775.80"
"340953839692349","Tyler Wright","113534.28"
"341283058448499","Mario Johns","52196.62"
"341542810616333","Billy Mcdonald","47176.30"
"341546199006537","Mark Brown","84802.28"
"342035762534413","Jennifer Carrillo","31488.18"
"342319985983023","Bryan Pugh","119622.74"
"342351256941125","Rebecca Obrien","112384.00"
"342360239917375","Gabriella Jordan","27731.84"
"342952484382519","Kayla Jones","128009.48"
"343464013864032","Jodi Foster","92073.76"
"343472729187663","Gloria Wallace","52864.46"
"343668971234893","Sally Moore","76494.00"
"343746486082492","Jeffrey Munoz","66700.60"
"343819048608995","Shelby Cannon","49120.28"
"344342339068828","Ruth Fuller","79794.86"
"344709867813900","Joanna Hudson","236399.06"
"345060451158891","Brian Perez","42828.14"
"345389171551808","Justin Fowler","88568.34"
"345832460465610","Jason Mcmahon","93934.60"
"345933964507467","Carol Dillon","132752.54"
"346208242862904","Tabitha Reyes","28701.06"
"346243940647414","Sean Miller","34416.08"
"346273234529002","Donna Moreno","175412.96"
"347073228412010","Ryan Johnson","74815.78"
"347612609554823","Robert James","20006.34"
"348253506557335","Thomas Gibson","33058.88"
"348379466427142","Michael Rowe","53291.46"
"348789608637806","Megan Murphy","87412.16"
"349612764943496","Xavier Beltran","126159.06"
"370348764075623","Christopher Gomez","64965.08"
"370612217861404","Amanda Fitzgerald","117438.52"
"370818583810103","John Davis","51864.20"
"370877495212014","Sarah Clark","194877.32"
"371009169330125","Randall Burgess","58560.00"
"371034293500716","Jeremy Jones","54244.86"
"371226440126102","Stacy Lambert","130101.92"
"371284100299909","Hannah Thomas","52228.08"
"371284424780634","Jeremy Moore","59074.74"
"371683116218417","Debra Becker","28424.52"
"371985236239474","Benjamin Martin","49641.26"
"372246459334925","Rick Martinez","88483.52"
"372382441451095","Brent Terrell","80641.58"
"372509258176510","Kristen Hanson","250803.78"
"372520049757633","Lori Ramirez","203967.40"
"373043435942726","Vincent Richards","73706.94"
"373213026644490","Bobby Smith","30298.32"
"373905417449658","Sarah Bishop","188834.62"
"374125201044065","Christopher Gilbert","75698.00"
"374238209524200","Daniel Martinez","47042.46"
"374497717543058","Linda Hurst","96863.60"
"374656033243756","David Lewis","73922.64"
"374821819075109","Zachary Boone","30920.32"
"374930071163758","Daniel Escobar","149495.10"
"375082648741747","Shannon Bell","102902.76"
"375237305371366","David Erickson","27386.20"
"375248307838179","Joshua Mendoza","106477.76"
"375534208663984","Tyler Garcia","158700.12"
"375767678113375","Christopher Patterson","92882.26"
"375848982312810","Dale Smith","77478.20"
"375904527651269","Ryan Cook","62338.64"
"375974680629816","Roberta Mccarthy","104590.16"
"376012912828093","Nathan Mayer","55905.78"
"376028110684021","Aaron Murray","164890.92"
"376262134119629","Christopher Carr","47992.06"
"376445266762684","Rachel Lowe","140866.46"
"376656886990758","Richard Vance","82399.88"
"376944481517097","Tiffany Stephens","24197.90"
"377026671291680","Jackie Davis","123086.36"
"377113842678100","Billy Gallagher","98003.66"
"377234009633447","Theresa Blackwell","106379.92"
"377264520876399","Kara Miles","30121.48"
"377550167323848","Kevin Walters","78472.84"
"377654590313960","Lawrence Davis","83780.76"
"377834944388609","Michael Jackson","28220.58"
"377895991033232","Kimberly Myers","63670.46"
"377993105397617","Nathan Martinez","86826.94"
"378006354724784","Christopher Matthews","39875.50"
"378278619832195","Mary Mcintyre","84354.58"
"378858024506425","Debra Eaton","49293.46"
"378904938837132","Tina Zimmerman","76972.96"
"379141394109214","Gerald Anthony","33369.88"
"379897244598068","Frank Key","52326.46"
"2222001896600109","Susan Hernandez","80124.82"
"2222157926772399","Amy Garrett","22902.08"
"2224100459250597","Sheri Thomas","28562.26"
"2227671554547514","Angie Jones","34716.70"
"2229378226512508","Thomas Hale","122261.14"
"2229824890647120","Walter Blair","28966.30"
"2231186809828225","Katherine Pennington","32468.54"
"2233882705243596","Jamie Robinson","66541.26"
"2235335206132667","Maria Rosales","24886.50"
"2235613922823698","Melissa Mcclure","102863.28"
"2242542703101233","Samuel Jenkins","197983.86"
"2248348993063230","Jennifer Scott","48982.24"
"2248735346244816","Jacob Weber","100876.76"
"2252055259910912","Jason Hernandez","171272.82"
"2254799658404120","Barbara Nelson","126048.18"
"2254917871818484","Margaret Gibson","115177.06"
"2256234701263057","Christopher Grimes","66883.28"
"2260801330657968","Monique Fox","34693.84"
"2264937662466770","Juan Sherman","89465.80"
"2266735643685262","Carlos Chung","102418.88"
"2268221587779419","Peggy Berry","36731.44"
"2269768987945882","Shannon Patterson","82099.80"
"2274911989136158","Robert Velazquez","29006.62"
"2280870154157385","Katherine Cooper","23424.50"
"2283743876903625","Shannon Williams","112194.42"
"2284059275940012","Thomas Mathis","27084.24"
"2285066385084291","Richard Brown","60250.32"
"2286236465059468","Morgan Murray","78792.88"
"2288748891690227","Kathleen Heath","32363.34"
"2288813824604479","Barbara Norman","102827.32"
"2291163933867244","Jeff Elliott","79223.12"
"2296006538441789","Judy Hogan","84910.60"
"2297447006766555","Laura Walker","101508.04"
"2305336922781618","Jeffrey Rice","77722.80"
"2318062975163331","William Martinez","25652.34"
"2348245054386329","Justin Gay","78546.16"
"2356276337669917","Benjamin Harris","46150.24"
"2358122155477959","Mike Tran","26955.76"
"2383461948823908","Patrick Vaughan","102190.12"
"2450829271795901","Timothy Kirby","52795.00"
"2454076758463217","Robert Andrade","39989.04"
"2475085306462014","John Miller","109396.68"
"2512312531485080","John Mccormick","50762.70"
"2576709887791552","Joseph Morgan","99973.62"
"2610529083834453","Tanya Dickerson","38452.94"
"2657850734909997","Alan Howard","63522.20"
"2703186189652095","Jennifer Banks","159933.62"
"2706977570537524","David Serrano","118160.82"
"2712209726293386","Jenna Brooks","237631.62"
"2713913904780408","Jacqueline Howard","78579.76"
"2714019737356678","Christina Moore","36230.78"
"2719496466799416","Sheila Baker","49109.96"
"2720012583106919","Joseph Murray","157988.72"
"2720433095629877","Mark Wood","118324.58"
"2720830304681674","Melissa Aguilar","74363.68"
"2720894374956739","Audrey Hickman","58619.38"
"3500165543009955","Ricky Dunn","28735.30"
"3500969075198072","Kenneth Sanchez","165011.16"
"3501365119557234","Danielle Allen","35514.84"
"3501509250702469","Frank Anderson","126039.46"
"3501942333500073","Lori Bishop","96796.44"
"3502088871723054","Scott Martin","125672.52"
"3502377050801561","Kathleen Martin","78466.86"
"3504178999463051","Drew Garcia","82470.14"
"3506040590383211","Michael Orozco","80511.08"
"3506042666828517","Christine Burns","73943.08"
"3506592072985012","Randy Murphy","70619.62"
"3508104404056005","Michael Fisher","49746.64"
"3511058278399773","Briana Santos","26680.70"
"3511378610369890","James Cooper","122703.06"
"3512365128314616","Francisco Kemp","97690.26"
"3513285035244624","Ariana Campbell","25677.06"
"3513506355699497","Sarah Adams","48904.04"
"3513618443244549","Amber Perez","103317.50"
"3514865930894695","Christopher Castaneda","104386.86"
"3514897282719543","Steven Faulkner","90270.76"
"3517527805128735","Tracy Conway","66663.12"
"3517814635263522","William Cannon","55177.46"
"3518234918950662","Barbara Lowe","181224.18"
"3518669219150142","Dorothy Thomas","109937.48"
"3518758680062249","Antonio Koch","90047.82"
"3519232971341141","Michael Jones","48283.94"
"3519607465576254","Audrey Gonzalez","70896.62"
"3520550088202337","Micheal Walters","67503.26"
"3521417320836166","Angela Hodges","229263.26"
"3521815216091574","Wayne Marsh","133360.70"
"3523843138706408","Grace Williams","97151.38"
"3523898249167098","Joshua Carpenter","99568.30"
"3524574586339330","Ashley Cabrera","106816.44"
"3525590521269779","Scott Fuller","128160.32"
"3525668150756629","Christopher Choi","79876.88"
"3526826139003047","Nathan Massey","98499.16"
"3527063666782582","Amanda Alexander","32616.78"
"3527536963490470","Teresa Stein","143660.88"
"3528231451607350","Lauren Moreno","54778.26"
"3528407217576457","Patricia Leach","71478.20"
"3529597810116815","Pamela Curtis","75210.00"
"3529597930342630","Melissa Rodriguez","45802.16"
"3530503964418806","David Nichols","25813.10"
"3531129874770000","Shelby Mitchell","187360.90"
"3531606252458308","Juan Taylor","29460.92"
"3533012926413100","Megan Bernard","86954.16"
"3533177016567295","Derek Bentley","52758.06"
"3533742182628021","Robert Haynes","106468.84"
"3533800906065217","Amber Thornton","79698.94"
"3534093764340240","Jeremy White","47256.00"
"3534330126107879","Jeffrey Smith","166175.02"
"3534718226968689","Lisa Lopez","43993.48"
"3535808924394848","Matthew Myers","129528.82"
"3536818734263520","Gerald Frank","27380.78"
"3536918668124647","Michelle Juarez","29518.00"
"3537797820923602","Christie Mendoza","24304.36"
"3538520143479972","Cassandra Nunez","88151.56"
"3540017235499519","Lawrence Frost","42056.92"
"3540075240003197","Christian Johns","104358.70"
"3540210836308425","Steven Yoder","125874.96"
"3540862542587229","Nancy Roach","32147.78"
"3541160328600277","Jason Singh","183561.68"
"3541554378551366","Brianna Wilson","28131.64"
"3541687240161491","Mark Nguyen","25625.36"
"3542162746848552","Bradley Anderson","21203.64"
"3543299015720986","Angela White","80693.46"
"3543591270174051","Margaret Lam","107267.84"
"3544606805704278","Carolyn Thomas","21615.38"
"3545109339866548","Keith Sanders","141122.78"
"3546674063249004","Jordan May","50054.28"
"3546897637165774","Kayla Obrien","107026.00"
"3547560454237873","Jerry Robinson","75706.40"
"3547574373318979","Jacob Patel","79812.32"
"3549202406645667","Larry Williams","77727.38"
"3550554389581384","Ryan Foster","36483.18"
"3551217896304745","Sara Harris","233599.26"
"3551512895305309","Erika Anderson","25264.38"
"3552581383553463","Jonathan Castro","82423.86"
"3553629419254918","Sharon Johnson","125722.02"
"3554818239968984","Cory Thomas","39241.04"
"3554849923339851","John Hudson","69723.68"
"3556613125071656","Jose Vasquez","102830.84"
"3557442674264531","Angela Edwards","36363.34"
"3558652751678952","Teresa Blankenship","86621.86"
"3558881852140592","Christopher Holt","55684.12"
"3559160581764413","Allen Bell","161785.10"
"3559679414981506","Olivia Stephenson","134379.06"
"3559723917628303","Matthew Huerta","77527.56"
"3560246577314524","Sarah Scott","25454.68"
"3560318482131952","William Skinner","101797.44"
"3560336828629935","Christopher White","21618.16"
"3560697798177746","Matthew Young","81018.06"
"3560725013359375","Brooke Smith","101089.14"
"3560797065840735","Janet Turner","132635.04"
"3561212938177173","Jose Campbell","30003.46"
"3561963695236764","Michael Lee","117420.46"
"3562264947797243","Anthony Velasquez","22282.68"
"3562679455732797","Amanda Jones","70746.10"
"3563837241599446","Timothy Simmons","47413.72"
"3564182536169293","Brenda Johnson","56792.72"
"3564839259330465","Robert Ashley","119287.64"
"3565196229855512","Adriana Harvey","50122.60"
"3565414434959494","Ryan Arnold","25405.44"
"3565423334076143","Nathan Thomas","68276.46"
"3565943051129759","David Thomas","33201.70"
"3565996340207976","Warren Daniels","22659.38"
"3566094707272327","Kristina Stewart","278402.16"
"3566373869538620","Steven Castaneda","22731.36"
"3566875419572867","Adam Mcdonald","80141.36"
"3567527758368741","Amanda Vance","54503.74"
"3567697931646329","John Stevens","113315.14"
"3567879740649740","Tanya Williams","113188.68"
"3568255211412877","Timothy Gomez","116984.54"
"3568736585751727","Thomas Cross","135661.66"
"3572976568630035","William Lopez","22475.54"
"3573030041201292","Joanne Williams","89720.58"
"3573386445588324","Stephanie Murphy","47822.52"
"3575540972310993","Rachel Villarreal","68547.24"
"3575789281659026","Lindsay Wilson","143226.06"
"3576021480694169","Dawn Gray","113796.82"
"3576144910346950","Thomas Payne","24059.16"
"3576281490078437","Chris Dixon","40844.70"
"3576431665303017","Jessica Ward","229196.74"
"3576511691045060","Leah Garner","22040.86"
"3577578023716568","Debbie Hughes","156434.30"
"3577596616955856","David Rogers","29022.96"
"3577663406369449","Cody Hooper","26573.16"
"3577794103155425","Mary Humphrey","52244.26"
"3579200383632826","Tyler Small","37068.88"
"3581130339108561","Gregory Wood","22659.86"
"3582402971899057","Michele Patrick","34674.02"
"3582754887089201","Terrance Mckinney","128655.22"
"3583093681934489","Hannah Knight","29052.48"
"3583293909206278","Deborah Fisher","56793.46"
"3583635130604947","Crystal Gamble","226676.44"
"3583793405872580","Beth Lambert","105760.34"
"3585052663373890","Jeffery Brown","54807.96"
"3585740823295298","James Greene","55023.16"
"3586008444788268","Crystal Fuller","178499.62"
"3586955669388457","Benjamin Rogers","76994.90"
"3587044315915002","Christian Roman","118625.04"
"3587960728692500","Kathy Hughes","138035.56"
"3589255887819806","David Miller","133067.04"
"3589289942931264","Paula Estrada","133196.98"
"3590736522064285","Kimberly Gonzalez","242809.64"
"3591919803438423","Brian Williams","65829.66"
"3592325941359225","Ashley Robinson","32538.16"
"3592931352252641","Dylan Garcia","54408.26"
"3593118134380341","Laura Casey","105844.34"
"3593399694467427","Douglas Smith","25891.94"
"3595111028444131","Jeffery Sanders","29764.30"
"3595192916105588","Dustin Roberts","143673.08"
"3596217206093829","Sara Ramirez","138746.58"
"3596357274378601","David Everett","120316.58"
"3597337756918966","Linda Gonzalez","49181.12"
"3597926034019603","Derrick Flores","47172.60"
"3597980945245815","Mark Allen","25312.88"
"3598014571045296","Lisa Clark","89417.52"
"3598215285024754","Ashley Lopez","178233.48"
"3598304579370089","Vincent Flowers","119096.68"
"3598634130286287","David Hughes","21351.62"
"3598895972308782","Kenneth Richards","54041.04"
"3599237318576484","Jessica Smith","55466.60"
"4003771737807706","Danielle Hayden","60708.38"
"4003989662068504","Chris White","110420.04"
"4005676619255478","William Perry","117590.46"
"4010002218955876","Jennifer Bishop","103758.36"
"4025612008285111","Krystal Key","93373.40"
"4048508450704760","Cheryl Melton","84058.80"
"4060579726528237","Steven Sanders","88349.66"
"4067137330196900","Christina Eaton","85632.74"
"4069975342931683","Kimberly Martin","153113.50"
"4070511711385545","Stephanie Hopkins","51621.50"
"4099707841315751","James Stephens","118566.44"
"4104312520615374","Brooke Rodriguez","57359.26"
"4116554952971686","Bridget Bowen","26245.22"
"4119762878330989","Melinda Gutierrez","95358.68"
"4124536010991657","Sydney Montoya","31075.88"
"4128027264554082","Kyle Park","75629.28"
"4129767952109660","Cheryl Ballard","60922.54"
"4134456652433447","Lawrence Ellis","27531.76"
"4147608975828480","Edward Tapia","110600.10"
"4149238353975790","Tanner Carroll","163185.30"
"4155021259183870","Renee Parrish","114191.24"
"4158758517677931","Dawn Cox","20960.74"
"4158945090781624","Justin Bell","81839.40"
"4169759661243568","Jamie Carr","86762.24"
"4170689372027579","Samuel Frey","123599.56"
"4171397999167005","Ashley Mcdonald","27669.58"
"4173950183554608","Stephen Marshall","115059.92"
"4178097073221156","Jill Flores","124691.54"
"4179719215697782","Belinda Jimenez","27457.54"
"4191109180926792","Jennifer Spencer","109785.30"
"4195832462863385","Victoria Mcbride","22974.56"
"4228411452607671","Aaron Stewart","27473.18"
"4229733778084049","Tyler Mills","61029.84"
"4239552724014407","Carl Hernandez","79161.90"
"4254074738931278","Gary Hall","50330.98"
"4260059589824237","Aaron Rogers","37717.46"
"4265776278887457","Christine Best","107514.66"
"4266200684857219","Joshua Bryant","59229.96"
"4277232699798846","Jennifer Vance","87370.08"
"4294040533480516","Gail Weaver","66234.24"
"4302475216404898","Daniel Cain","84914.80"
"4302480582202074","David Rodriguez","125419.30"
"4306586894261180","Renee Walls","56410.74"
"4308156300921054","William Marshall","42674.50"
"4328928491302401","Margaret Ray","107368.22"
"4334230547694630","Scott Martin","119971.18"
"4335531783520911","Amy Daugherty","28827.42"
"4342532437704183","Kevin Elliott","83995.20"
"4344955088481397","Christopher Rodgers","122346.20"
"4348786085525522","John Nichols","41252.06"
"4364010865167176","Gary Martinez","135850.90"
"4365382885912355","Robert Goodman","77368.36"
"4377338765909719","Nicholas Mcmahon","90430.44"
"4378993458389626","Travis Hayes","106812.78"
"4384910379661778","Michelle Russell","84245.12"
"4412720572684931","Richard Marshall","28704.00"
"4423489490781412","Christopher Ortega","75837.14"
"4424338559877976","Denise Barnett","107077.26"
"4425161475596168","Brooke Fisher","28726.66"
"4428154703770710","Brittany Guerra","54343.34"
"4430881574719618","Alicia Morales","101398.18"
"4433091568498503","Linda Davis","28091.16"
"4446368897795790","Ryan Joseph","154189.62"
"4449530933957323","Felicia Mckee","113228.04"
"4450831335606294","Donna Davis","109357.28"
"4451438912406400","Cheryl Morgan","67049.74"
"4451952084362894","Joseph Davis","156947.46"
"4452366298769043","Linda Davis","118985.92"
"4474324669797121","Matthew Russell","78986.96"
"4482427013979020","Leslie Ford","80573.54"
"4488941175228467","Jacqueline Washington","70615.00"
"4492491748959010","Jonathan Byrd","40356.82"
"4501449508569485","Paul Wade","44938.54"
"4509142395811241","Margaret Williams","102453.64"
"4509922033272157","Monica West","43828.08"
"4514242065619750","Janet Carpenter","146755.30"
"4518350514020532","Christopher Gregory","63716.30"
"4550599031376731","Angela West","93277.08"
"4555104582813474","Chris Daniel","44892.28"
"4561368699336875","Pamela Lewis","44081.84"
"4570636521433188","Christine Leblanc","69822.58"
"4586810168620942","Michelle Gregory","206879.30"
"4587577161160601","Tina Lawrence","93834.56"
"4599285557366057","Mary Williams","70967.02"
"4607072969078276","Brenda Perez","69818.84"
"4610050989831291","James Lynch","127609.78"
"4610064888664703","Tammy Maldonado","34689.52"
"4629451965224809","Karen Warren","53489.74"
"4633065159406313","Jasmine Wade","14661.84"
"4634955908138648","Mackenzie Smith","88433.14"
"4635330563105903","Christina Rose","74911.70"
"4642255475285942","Sabrina Johnson","149293.62"
"4651007077623147","Andrea Lewis","49075.20"
"4653879239169997","Monica Tucker","112457.86"
"4657269323674365","Alicia Mitchell","58978.86"
"4658490815480264","Tara Richards","97641.72"
"4670613943676271","Bianca Novak","52905.48"
"4671727014157745","Kenneth Edwards","112615.14"
"4681601008538160","Tammy Davis","204590.30"
"4682744518117239","Gregory Webster","24507.36"
"4683520018489354","Charles Carrillo","75912.04"
"4698163635895795","Sharon Powell","22723.38"
"4707867759656333","Susan Shah","73458.28"
"4708992452821239","Jared Walters","118679.96"
"4710792708725663","Justin Bell","50219.86"
"4713464490314802","Wesley Parker","36211.62"
"4716561796955522","Lauren Anderson","135092.40"
"4725673654161314","Alex White","24000.08"
"4727244663135968","Mary Lewis","73661.96"
"4740713119940984","Heather Hines","58034.84"
"4764202053279782","Derek Jones","22467.74"
"4767265376804500","Jennifer Conner","30694.66"
"4777065439639721","Peter Caldwell","117485.06"
"4789911625179723","Dorothy Zuniga","45667.96"
"4800395067176717","Daniel Owens","85379.36"
"4822367783500458","Christopher Farrell","41953.26"
"4824023901222438","Christina Nelson","31724.68"
"4826655832045236","Tami Forbes","105543.48"
"4836998673805450","Susan Hardy","257146.18"
"4839043708100390","Meredith Campbell","62805.22"
"4839615922685395","Phillip Robertson","95249.24"
"4841313716651064","Omar Gay","159866.08"
"4859525594182537","Rebecca Farley","49604.14"
"4873783502705038","Elizabeth Maxwell","150213.68"
"4874006077381178","Patricia Russell","21813.34"
"4874017206859125","Lauren Williams","112651.12"
"4878364946692291","Tina Alvarez","31869.28"
"4879265611163287","Collin Brown","42148.92"
"4904681492230012","Lisa Lowe","163025.32"
"4908846471916297","Lauren Torres","239134.12"
"4914700582394237","John Williams","32415.26"
"4917187576956394","Joel Rivera","52075.26"
"4922710831011201","Heather Chase","57079.30"
"4926376199189801","Claire Davis","118491.12"
"4933461930348832","Richard Carter","58888.74"
"4935858973307492","Lance Wagner","123091.26"
"4939976756738216","Michelle Johnston","208649.58"
"4951647200979051","Kimberly Miller","90407.38"
"4952583804639909","Patricia Rodriguez","62986.84"
"4961003488432306","Stacy Walsh","47969.46"
"4969856774088583","Jacqueline Prince","77965.30"
"4972228199573984","Brian Hogan","26301.48"
"4979422371139333","Kelly Zimmerman","114102.70"
"4986925034905735","Erika Gonzalez","30627.02"
"4996263498048679","Kendra King","44723.26"
"4997733566924489","Stephanie Taylor","147126.50"
"4998109455173950","Mary Pruitt","166863.36"
"5104807169438134","Regina Johnston","84456.84"
"5127412150261034","David Campbell","22738.66"
"5130484058948421","Ronald White","79685.96"
"5152054598359927","Jim Johnson","80741.44"
"5154903938030655","Felicia Combs","34870.20"
"5289285402893489","Amanda Adams","28696.90"
"5359543825610251","Michael Francis","142154.30"
"5388659976630693","Charles Preston","71775.24"
"5410056176712193","Jeffrey Krause","23595.32"
"5456712664803820","Pamela Matthews","53457.58"
"5456776410929288","Taylor Khan","104846.04"
"5501083170975659","Wayne Payne","82099.14"
"5540636818935089","Kenneth Foster","148801.30"
"5559857416065248","Jack Hill","72679.58"
"5580563567307107","Stanley Dickson","86850.98"
"5596347693144598","Joseph Moody","80689.78"
"6011104316292105","Valerie Davis","114327.58"
"6011109736646996","Rebecca Erickson","207796.40"
"6011148190095209","Terri Bailey","121696.70"
"6011149206456997","Jeffrey White","37366.20"
"6011197122270059","Vincent Ward","23305.06"
"6011231546538393","Johnny Bennett","68803.50"
"6011252220172077","Melvin Wright","68750.00"
"6011305591981276","Daniel Jones","58234.20"
"6011329966782895","Lauren Butler","101637.82"
"6011348830550197","Samuel Johnston","135328.58"
"6011360759745864","Steven Williams","48425.04"
"6011366578560244","Adam Stark","83382.76"
"6011367958204270","Tammy Ayers","219915.22"
"6011381817520024","Kristen Allen","56970.66"
"6011382886333463","Martin Duarte","63237.62"
"6011388901471808","Jacqueline Marsh","93206.72"
"6011393492413821","Natalie Watson","25706.04"
"6011399591920186","Maria Roy","99670.16"
"6011438889172900","Allison Allen","233751.30"
"6011477612335392","Anthony Roberts","22285.46"
"6011492816282597","Gary Barnes","81089.06"
"6011504998544485","Ashley Whitney","149445.58"
"6011542681743618","Emily Hall","95973.18"
"6011552879910390","Robert Long","87997.88"
"6011581063717667","Jerry Perkins","27454.56"
"6011603272871604","Robert Holland","62651.96"
"6011626928491360","Heather Roberts","52175.02"
"6011652924285713","Kathryn Smith","149512.76"
"6011679934075347","Jennifer Gonzalez","63607.96"
"6011681934117244","Kaitlyn Newman","54436.34"
"6011693194885790","Victoria Fleming","108794.16"
"6011706277606006","Scott Sullivan","26576.52"
"6011724471098086","Ann Lawson","200009.46"
"6011860238257910","Lisa Mendez","97340.30"
"6011893664860915","Erin Chavez","225077.72"
"6011917798331152","William Johnson","61048.78"
"6011934240159560","Joshua Cohen","80488.90"
"6011948324228984","Mckenzie Brooks","20653.66"
"6011975266774121","Haley Wagner","30647.60"
"6011999606625827","Ronald Carson","84201.66"
"6501313409525696","Carrie Lewis","27090.82"
"6502195877055606","Nathan Byrd","39371.70"
"6506116513503136","Kimberly Rice","149344.74"
"6506982560413523","Alice Kemp","78949.30"
"6511349151405438","Robert Nguyen","75234.08"
"6515067575568369","Kevin Pena","22686.46"
"6517217825320610","James Reese","102220.82"
"6523180720198790","Alan Taylor","23035.44"
"6524376634971418","Jasmine Foster","62529.34"
"6526448584969862","Nathan Stewart","27605.56"
"6526777409109795","Michael Garner","28028.56"
"6526955903501879","Jennifer Scott","23419.96"
"6528911529051375","Diane Smith","56991.04"
"6534628260579800","Christine Harris","127154.70"
"6535328428560433","Michelle Beck","50100.76"
"6538441737335434","Gina Grimes","208143.32"
"6538891242532018","Jodi Rodriguez","229435.86"
"6539653032686894","Samuel Short","20229.06"
"6540981358631302","Bryan Torres","56137.04"
"6544734391390261","John Myers","83909.46"
"6547670341037171","Bryce Joseph","70115.48"
"6550399784335736","Harry Mckee","53221.22"
"6554245334757802","Monique Robinson","100590.54"
"6564459919350820","Douglas Willis","24301.92"
"6569097840281287","Steven Johnson","28680.42"
"6573561108825071","Kristina Lewis","89889.48"
"6592074504369261","Amanda Molina","47176.48"
"6592243974328236","Philip Hart","59377.06"
"6592861994408652","Ashley Whitehead","74097.92"
"6593250708747804","Melissa Meza","107046.22"
"6593939509150446","Margaret Ward","35045.32"
"6595970453799027","Gina Gomez","77925.94"
"6596735789587928","Spencer Williams","54322.90"
"6597248210463122","Kyle Wright","25553.32"
"6597888193422452","Bill Lane","101649.58"
"4018105808392773675","Katherine Love","50042.36"
"4040099974063068803","Jeffrey Lewis","124538.20"
"4044436772018844508","Amy Abbott","40899.86"
"4045036286570100739","Bianca Scott","58568.84"
"4063094974360571498","Patricia Mendoza","50099.66"
"4089096483689733451","Debra Stark","114774.18"
"4092452671396169678","Jeffrey Vargas","101494.88"
"4102003771126577611","William Fitzgerald","73841.46"
"4110266553600176127","Sandra Schwartz","20598.66"
"4128730454058057622","Monique Martin","106700.56"
"4181833256558613886","Jessica Potter","127596.28"
"4208110975550360171","David Bonilla","74207.88"
"4209696857872688515","Sarah Bell","21991.60"
"4210078554961359092","Valerie Clark","79789.84"
"4220495028289516646","Bethany Andrade","53197.98"
"4223708906367574214","Adam Riddle","163166.02"
"4225990116481262579","Brian Simpson","51382.22"
"4226219726886852999","Jessica Bell","44593.58"
"4244953610136705533","Christopher Odom","38788.26"
"4255397449664185994","George Smith","48832.74"
"4292743669224718067","Michael Williams","68625.42"
"4292902571056973207","Jeffrey Smith","96330.40"
"4301028321766222513","Joe Howard","159958.80"
"4311368326621416041","Phillip Delacruz","52587.84"
"4312133045694601139","Julian Price","50884.74"
"4319584480204988982","Kathleen Nash","105994.00"
"4355790796238264643","Tanner Davis","76579.42"
"4358137750029944984","Dawn Stephens","41220.94"
"4373370572092720777","Hailey Rhodes","22001.82"
"4379260813815979609","Thomas Jenkins","80134.78"
"4390966588600992777","Kyle Simmons","59435.80"
"4400011257587661852","Marissa Powell","108381.00"
"4410582919485061752","David Cole","62832.16"
"4426075337087318654","Kyle James","24592.20"
"4428780983793657331","Richard Waters","70382.90"
"4457732997086323466","Stanley Mayo","157932.34"
"4462038234743679432","Kimberly Bush","28896.80"
"4467456915153312231","Rita Myers","59450.58"
"4469777115158234880","Gregory Graham","101822.54"
"4477156602511939689","Angela Ross","73291.84"
"4488258847705225890","Jessica Shaw","76015.06"
"4497451418073897078","Elizabeth Glover","70578.86"
"4497913965512794052","Scott Edwards","97937.72"
"4502539526809429801","Stephanie Cummings","85249.76"
"4503101193493052864","Katherine Tucker","106271.86"
"4512828414983801773","Monica Cohen","140136.40"
"4536996888716062123","Nathan Mendoza","117742.78"
"4560004149983868183","Stacy Villegas","126743.16"
"4560395181594436016","Angela Taylor","171625.70"
"4584931703207308232","Amanda Gomez","101349.18"
"4587657402165341815","Amber Lewis","227197.74"
"4599735407877245080","Mary Myers","58496.94"
"4646845581490336108","Julia Bell","190292.66"
"4653178848915023204","Robert Hall","41702.70"
"4661996144291811856","Linda Park","71906.96"
"4666314527820883145","Guy Thompson","37647.16"
"4689147265057948423","Steven Brooks","73431.34"
"4710826438164847414","Juan Henry","80574.92"
"4715741951931168360","Robert Drake","69737.48"
"4725837176265195730","Elizabeth Mckee","82705.16"
"4736845434667908128","Toni Gomez","100912.18"
"4742883543039288059","Cassandra Sanders","66004.84"
"4756039869079882102","Francisco Hernandez","26760.26"
"4761403817546679245","Diana Jacobs","65221.00"
"4769426683924058915","Andrea Cruz","110023.38"
"4792627764422477317","Margaret Mendez","213136.82"
"4797297220948468262","Erica Briggs","154333.74"
"4798937978667559470","Robert Williams","28624.38"
"4810789809665942990","Julie Sanchez","89055.80"
"4810839835482794272","Carolyn Perez","99788.98"
"4855488158131690372","Jeremy Roberson","161258.16"
"4855853415727304322","Justin Aguilar","31556.12"
"4861310130652566408","Ashley Cruz","170640.46"
"4890424426862856940","Jeremy Whitney","81429.30"
"4897067971111209737","Randy Wood","53100.48"
"4906628655840914250","Charles Moreno","104740.92"
"4956828990005111019","Kenneth Robinson","118164.78"
"4958589671582726883","Aaron Pena","87271.50"
"4973530368125489546","Mary Rodriguez","59348.92"
"4980323467523543940","Patrick Massey","24884.00"
"4989847570577635369","Vanessa Anderson","88772.64"
"4992346398065154184","Benjamin Kim","108988.20"
